Assignment,w1,w2
T3N-H,114.2,8.42
D4N-H,120.9,8.63
L5N-H,121.9,7.58
A6N-H,126.5,8.75
L7N-H,119.8,7.83
D8N-H,127.4,9.2
F9N-H,127.5,8.59
S10N-H,122.3,8.68
V11N-H,126.5,8.81
N12N-H,127.0,9.02
N12ND2-HD21,112.7,7.02
N12ND2-HD22,112.7,7.53
K13N-H,124.3,9.14
E14N-H,119.2,8.37
N15N-H,114.5,7.71
N15ND2-HD21,110.1,6.84
N15ND2-HD22,110.1,7.45
K16N-H,118.0,7.85
T17N-H,107.8,8.34
I18N-H,123.3,9.22
T19N-H,122.0,8.71
I20N-H,128.9,9.26
K21N-H,126.4,8.9
R22N-H,125.3,9.16
R22NE-HE,82.8,6.11
E23N-H,124.3,8.11
F24N-H,116.3,9.16
A25N-H,128.7,9.73
A26N-H,123.3,8.37
V27N-H,111.9,8.01
R28N-H,125.2,8.51
A29N-H,118.8,8.87
I30N-H,116.6,7.1
V31N-H,122.2,7.59
W32N-H,118.2,9.22
W32NE1-HE1,129.5,10.13
E33N-H,118.4,7.26
A34N-H,118.5,7.68
F35N-H,112.3,7.36
T36N-H,104.6,6.74
R37N-H,118.3,6.84
R37NE-HE,84.9,7.58
A38N-H,130.9,8.71
E39N-H,112.6,9.33
I40N-H,118.2,7.2
L41N-H,123.4,8.38
D42N-H,116.4,8.3
Q43N-H,115.4,8.17
Q43NE2-HE21,111.6,6.99
Q43NE2-HE22,111.6,7.61
W44N-H,115.6,7.8
W45N-H,122.1,8.08
A46N-H,113.0,7.43
K48N-H,124.2,9.15
W50N-H,128.1,9.43
W50NE1-HE1,130.3,10.37
K51N-H,119.2,8.6
A52N-H,128.7,8.78
K53N-H,120.8,9.08
T54N-H,130.3,10.76
K55N-H,130.3,9.61
S56N-H,112.3,8.28
M57N-H,124.2,8.81
D58N-H,130.7,8.39
F59N-H,124.2,8.65
K60N-H,124.0,7.55
E61N-H,123.3,8.84
G62N-H,114.5,8.53
G63N-H,110.6,8.77
T64N-H,109.5,7.78
W65N-H,128.4,9.38
W65NE1-HE1,130.1,10.97
L66N-H,128.9,9.22
Y67N-H,124.2,8.54
A68N-H,120.6,8.13
M69N-H,119.3,8.38
V70N-H,124.4,9.34
G71N-H,117.8,8.96
N73N-H,117.2,8.83
N73ND2-HD21,115.3,6.98
N73ND2-HD22,115.3,8.1
G74N-H,107.6,7.81
E75N-H,123.2,9.28
E76N-H,121.3,8.41
H77N-H,122.6,8.64
W78N-H,127.2,9.0
W78NE1-HE1,129.8,10.27
S79N-H,119.9,8.85
I80N-H,116.6,8.01
C81N-H,123.5,8.82
E82N-H,127.3,8.88
Y83N-H,126.3,8.49
A84N-H,130.0,9.39
I85N-H,118.7,7.66
I86N-H,125.6,9.73
K87N-H,130.4,9.56
I89N-H,124.4,7.54
E90N-H,113.7,8.03
R91N-H,123.7,8.37
R91NE-HE,86.1,8.01
F92N-H,121.2,9.28
T93N-H,111.6,9.93
G94N-H,107.0,8.55
K95N-H,121.2,8.58
D96N-H,126.2,9.1
G97N-H,105.8,7.91
F98N-H,121.6,9.47
T99N-H,112.5,8.25
D100N-H,118.7,8.1
A101N-H,120.3,8.02
S102N-H,111.8,7.9
G103N-H,109.9,7.75
K104N-H,120.9,7.77
L105N-H,130.4,8.6
N106N-H,123.4,9.09
N106ND2-HD21,111.5,7.16
N106ND2-HD22,111.5,7.59
T107N-H,116.5,8.55
E108N-H,119.5,8.36
M109N-H,118.7,7.21
R111N-H,120.9,8.43
S112N-H,115.5,8.57
N113N-H,119.0,8.52
N113ND2-HD21,114.1,6.94
N113ND2-HD22,114.1,7.29
W114N-H,123.9,9.45
D115N-H,124.3,8.83
M116N-H,126.2,9.25
R117N-H,119.9,8.87
R117NE-HE,85.2,7.53
F118N-H,119.7,8.67
I119N-H,128.0,9.91
D120N-H,128.7,8.87
K121N-H,130.0,8.03
G122N-H,111.2,9.25
E123N-H,127.6,8.93
I124N-H,114.8,6.92
T125N-H,119.9,8.87
E126N-H,126.9,8.95
V127N-H,129.7,9.48
Q128N-H,123.2,8.98
Q128NE2-HE21,112.3,6.88
Q128NE2-HE22,112.3,8.24
Y129N-H,124.9,9.78
H130N-H,124.3,9.05
I131N-H,128.8,9.22
S132N-H,120.9,9.27
Y133N-H,120.4,8.44
D134N-H,120.0,9.36
D135N-H,114.2,7.63
V136N-H,123.2,9.05
A137N-H,124.6,8.55
Q138N-H,118.0,8.21
Q138NE2-HE21,112.1,7.01
Q138NE2-HE22,112.1,7.83
L139N-H,123.7,6.74
E140N-H,118.5,8.62
A141N-H,121.5,8.21
T142N-H,116.0,7.51
I143N-H,121.0,7.82
Q144N-H,121.6,8.52
Q144NE2-HE21,111.6,6.81
Q144NE2-HE22,111.6,7.49
M145N-H,116.4,7.71
G146N-H,106.1,7.86
F147N-H,120.1,7.35
K148N-H,116.7,8.82
E149N-H,120.5,8.64
G150N-H,106.3,8.18
I151N-H,122.0,8.32
T152N-H,116.3,7.51
M153N-H,122.0,7.91
A154N-H,123.2,8.28
M155N-H,114.6,8.04
E156N-H,117.7,7.44
N157N-H,118.9,8.18
N157ND2-HD21,112.5,6.11
N157ND2-HD22,112.5,8.35
L158N-H,123.8,7.86
D159N-H,119.0,8.19
E160N-H,116.8,7.41
L161N-H,122.5,7.94
L162N-H,117.8,8.46
V163N-H,116.8,7.49
S164N-H,116.6,7.95
G165N-H,109.9,8.25
K166N-H,120.8,7.9
K167N-H,121.6,8.27
L168N-H,123.0,8.24
E169N-H,120.9,8.33
H170N-H,119.8,8.26
H171N-H,125.6,7.95
